{
 "uiConfig": {
  "height": 100,
  "numchild": 8,
  "width": 750
 },
 "imageArr": [
  "bs.png",
  "home_nor_tabbar.png",
  "match_nor_tabbar.png",
  "follow_nor_tabbar.png",
  "mine_nor_tabbar.png"
 ],
 "version": 3,
 "list": [
  {
   "bn": "normal",
   "sy": 100,
   "type": "img_mc",
   "c": [
    1,
    0,
    1,
    0,
    1,
    0,
    1,
    0
   ],
   "index": 0,
   "x": 0,
   "skx": 0,
   "n": "btn1",
   "y": 0,
   "sky": 0,
   "pn": "",
   "path": "bs.png",
   "r": 0,
   "sx": 187.5
  },
  {
   "bn": "normal",
   "sy": 100,
   "type": "img_mc",
   "c": [
    1,
    0,
    1,
    0,
    1,
    0,
    1,
    0
   ],
   "index": 1,
   "x": 188,
   "skx": 0,
   "n": "btn2",
   "y": 0,
   "sky": 0,
   "pn": "",
   "path": "bs.png",
   "r": 0,
   "sx": 187.5
  },
  {
   "bn": "normal",
   "sy": 100,
   "type": "img_mc",
   "c": [
    1,
    0,
    1,
    0,
    1,
    0,
    1,
    0
   ],
   "index": 2,
   "x": 375,
   "skx": 0,
   "n": "btn3",
   "y": 0,
   "sky": 0,
   "pn": "",
   "path": "bs.png",
   "r": 0,
   "sx": 187.5
  },
  {
   "bn": "normal",
   "sy": 100,
   "type": "img_mc",
   "c": [
    1,
    0,
    1,
    0,
    1,
    0,
    1,
    0
   ],
   "index": 3,
   "x": 563,
   "skx": 0,
   "n": "btn4",
   "y": 0,
   "sky": 0,
   "pn": "",
   "path": "bs.png",
   "r": 0,
   "sx": 187.5
  },
  {
   "bn": "normal",
   "sy": 1,
   "type": "img_mc",
   "c": [
    1,
    0,
    1,
    0,
    1,
    0,
    1,
    0
   ],
   "index": 4,
   "x": 72,
   "skx": 0,
   "n": "Img1",
   "y": 14,
   "sky": 0,
   "pn": "",
   "path": "home_nor_tabbar.png",
   "r": 0,
   "sx": 1
  },
  {
   "bn": "normal",
   "sy": 1,
   "type": "img_mc",
   "c": [
    1,
    0,
    1,
    0,
    1,
    0,
    1,
    0
   ],
   "index": 5,
   "x": 260,
   "skx": 0,
   "n": "Img2",
   "y": 14,
   "sky": 0,
   "pn": "",
   "path": "match_nor_tabbar.png",
   "r": 0,
   "sx": 1
  },
  {
   "bn": "normal",
   "sy": 1,
   "type": "img_mc",
   "c": [
    1,
    0,
    1,
    0,
    1,
    0,
    1,
    0
   ],
   "index": 6,
   "x": 447,
   "skx": 0,
   "n": "Img3",
   "y": 14,
   "sky": 0,
   "pn": "",
   "path": "follow_nor_tabbar.png",
   "r": 0,
   "sx": 1
  },
  {
   "bn": "normal",
   "sy": 1,
   "type": "img_mc",
   "c": [
    1,
    0,
    1,
    0,
    1,
    0,
    1,
    0
   ],
   "index": 7,
   "x": 635,
   "skx": 0,
   "n": "Img4",
   "y": 14,
   "sky": 0,
   "pn": "",
   "path": "mine_nor_tabbar.png",
   "r": 0,
   "sx": 1
  }
 ]
}